"","source_file","prolific_pid","trial_num","condizione","date","os","tempo_consenso","inst_tot_started","inst_tot_stopped","quest_block_1_age","quest_block_1_sex","quest_block_1_education_level","ant_lastquestion_stopped","tempo_testo","tempo_vd1","previous_response","tempo_prob1","previous_2_response","tempo_prob2","previous_3_response"
"1","PROLIFIC_PID_CLTandFLE_2026-06-19_17h48.47.823.csv","P001",1,"l","2026-06-19_17h48.47.823","Win32",7.7349,"38.8521","50.2803",24,"fe",4,326.9864,29.0513,9.1234,52,21.9815,100,23.8967,34
"2","PROLIFIC_PID_CLTandFLE_2026-06-19_17h48.47.823.csv","P001",2,"m","2026-06-19_17h48.47.823","Win32",7.7349,"38.8521","50.2803",24,"fe",4,326.9864,23.7024,49.9866,18,15.2554,36,15.6674,42
"3","PROLIFIC_PID_CLTandFLE_2026-06-19_17h48.47.823.csv","P001",3,"a","2026-06-19_17h48.47.823","Win32",7.7349,"38.8521","50.2803",24,"fe",4,326.9864,9.6807,10.0671,26,6.3108,42,6.3878,11
"4","PROLIFIC_PID_CLTandFLE_2026-06-19_17h57.24.780.csv","P002",1,"m","2026-06-19_17h57.24.780","Win32",28.5238,"52.1661","70.1959",22,"fe",4,423.8439,34.1158,29.1129,99,18.6148,99,34.225,1
"5","PROLIFIC_PID_CLTandFLE_2026-06-19_17h57.24.780.csv","P002",2,"a","2026-06-19_17h57.24.780","Win32",28.5238,"52.1661","70.1959",22,"fe",4,423.8439,23.571,11.2652,95,28.5338,99,22.1477,0
"6","PROLIFIC_PID_CLTandFLE_2026-06-19_17h57.24.780.csv","P002",3,"l","2026-06-19_17h57.24.780","Win32",28.5238,"52.1661","70.1959",22,"fe",4,423.8439,27.6391,24.9312,99,17.7793,99,19.7636,0
"7","PROLIFIC_PID_CLTandFLE_2026-06-19_18h46.41.072.csv","P003",1,"l","2026-06-19_18h46.41.072","Win32",25.7937,"37.1625","55.2321",23,"ma",3,336.4762,40.3469,16.8891,62,20.7702,91,26.2832,1
"8","PROLIFIC_PID_CLTandFLE_2026-06-19_18h46.41.072.csv","P003",2,"a","2026-06-19_18h46.41.072","Win32",25.7937,"37.1625","55.2321",23,"ma",3,336.4762,21.8031,14.7576,67,21.1368,95,15.9735,0
"9","PROLIFIC_PID_CLTandFLE_2026-06-19_18h46.41.072.csv","P003",3,"m","2026-06-19_18h46.41.072","Win32",25.7937,"37.1625","55.2321",23,"ma",3,336.4762,16.6229,11.7262,63,9.8772,70,10.2104,20
"10","PROLIFIC_PID_CLTandFLE_2026-06-19_18h54.35.637.csv","P004",1,"l","2026-06-19_18h54.35.637","Win32",10.981,"30.6845","49.154",19,"ma",3,467.8597,64.8529,9.6602,31,21.6905,100,69.2356,13
"11","PROLIFIC_PID_CLTandFLE_2026-06-19_18h54.35.637.csv","P004",2,"m","2026-06-19_18h54.35.637","Win32",10.981,"30.6845","49.154",19,"ma",3,467.8597,48.3207,4.8601,42,10.9996,100,20.3088,24
"12","PROLIFIC_PID_CLTandFLE_2026-06-19_18h54.35.637.csv","P004",3,"a","2026-06-19_18h54.35.637","Win32",10.981,"30.6845","49.154",19,"ma",3,467.8597,27.5997,84.4052,29,8.4787,98,4.1393,51
"13","PROLIFIC_PID_CLTandFLE_2026-06-19_19h48.27.341.csv","P005",1,"l","2026-06-19_19h48.27.341","Win32",11.4933,"30.7334","46.5558",20,"ma",3,335.0843,44.22,17.5657,62,29.6511,54,38.3597,0
"14","PROLIFIC_PID_CLTandFLE_2026-06-19_19h48.27.341.csv","P005",2,"a","2026-06-19_19h48.27.341","Win32",11.4933,"30.7334","46.5558",20,"ma",3,335.0843,22.2599,11.6936,61,12.8893,50,9.4606,25
"15","PROLIFIC_PID_CLTandFLE_2026-06-19_19h48.27.341.csv","P005",3,"m","2026-06-19_19h48.27.341","Win32",11.4933,"30.7334","46.5558",20,"ma",3,335.0843,22.5807,10.3328,60,11.7014,50,10.6062,25
"16","PROLIFIC_PID_CLTandFLE_2026-06-22_02h46.17.310.csv","P006",1,"a","2026-06-22_02h46.17.310","MacIntel",12.0485,"31.995","60.5432",21,"ma",3,343.2405,56.6825,25.3242,76,18.8506,65,31.1991,0
"17","PROLIFIC_PID_CLTandFLE_2026-06-22_02h46.17.310.csv","P006",2,"m","2026-06-22_02h46.17.310","MacIntel",12.0485,"31.995","60.5432",21,"ma",3,343.2405,20.6664,5.7497,82,12.4673,55,12.4167,5
"18","PROLIFIC_PID_CLTandFLE_2026-06-22_02h46.17.310.csv","P006",3,"l","2026-06-22_02h46.17.310","MacIntel",12.0485,"31.995","60.5432",21,"ma",3,343.2405,17.2256,12.6913,95,11.0916,100,10.0159,0
"19","PROLIFIC_PID_CLTandFLE_2026-06-22_03h47.51.664.csv","P007",1,"a","2026-06-22_03h47.51.664","Win32",39.7827,"50.4464","69.8406",22,"fe",4,339.859,35.3666,13.77,100,19.6034,96,20.52,0
"20","PROLIFIC_PID_CLTandFLE_2026-06-22_03h47.51.664.csv","P007",2,"m","2026-06-22_03h47.51.664","Win32",39.7827,"50.4464","69.8406",22,"fe",4,339.859,20.1034,11.6939,78,10.3199,84,27.3528,0
"21","PROLIFIC_PID_CLTandFLE_2026-06-22_03h47.51.664.csv","P007",3,"l","2026-06-22_03h47.51.664","Win32",39.7827,"50.4464","69.8406",22,"fe",4,339.859,22.9018,10.8122,73,8.6036,92,12.8675,0
"22","PROLIFIC_PID_CLTandFLE_2026-06-22_04h52.12.094.csv","P008",1,"a","2026-06-22_04h52.12.094","Win32",18.5442,"32.4819","177.488",22,"fe",3,792.118,59.9688,34.2807,50,47.5874,50,44.3254,10
"23","PROLIFIC_PID_CLTandFLE_2026-06-22_04h52.12.094.csv","P008",2,"m","2026-06-22_04h52.12.094","Win32",18.5442,"32.4819","177.488",22,"fe",3,792.118,25.9614,59.3544,50,44.0671,50,73.235,10
"24","PROLIFIC_PID_CLTandFLE_2026-06-22_04h52.12.094.csv","P008",3,"l","2026-06-22_04h52.12.094","Win32",18.5442,"32.4819","177.488",22,"fe",3,792.118,55.1906,31.6093,50,29.8428,50,46.1249,10
"25","PROLIFIC_PID_CLTandFLE_2026-06-22_04h53.54.095.csv","P009",1,"m","2026-06-22_04h53.54.095","Win32",36.5469,"96.9677","128.4595",22,"fe",4,551.676,44.3822,46.8771,70,22.8234,75,42.8584,10
"26","PROLIFIC_PID_CLTandFLE_2026-06-22_04h53.54.095.csv","P009",2,"a","2026-06-22_04h53.54.095","Win32",36.5469,"96.9677","128.4595",22,"fe",4,551.676,29.7951,16.1839,50,12.8273,100,20.0519,0
"27","PROLIFIC_PID_CLTandFLE_2026-06-22_04h53.54.095.csv","P009",3,"l","2026-06-22_04h53.54.095","Win32",36.5469,"96.9677","128.4595",22,"fe",4,551.676,67.1218,15.602,70,13.058,90,31.2369,10
"28","PROLIFIC_PID_CLTandFLE_2026-06-22_05h09.10.622.csv","P010",1,"a","2026-06-22_05h09.10.622","MacIntel",15.0828,"27.6499","49.0969",20,"ma",3,328.3297,49.1485,17.1336,50,18.8992,90,19.3494,0
"29","PROLIFIC_PID_CLTandFLE_2026-06-22_05h09.10.622.csv","P010",2,"l","2026-06-22_05h09.10.622","MacIntel",15.0828,"27.6499","49.0969",20,"ma",3,328.3297,17.8831,14.1662,100,10.4831,100,20.8497,0
"30","PROLIFIC_PID_CLTandFLE_2026-06-22_05h09.10.622.csv","P010",3,"m","2026-06-22_05h09.10.622","MacIntel",15.0828,"27.6499","49.0969",20,"ma",3,328.3297,18.0499,10.8158,100,13.8165,100,11.683,10
"31","PROLIFIC_PID_CLTandFLE_2026-06-22_05h49.58.128.csv","P011",1,"l","2026-06-22_05h49.58.128","Win32",21.4883,"26.5498","35.4504",22,"ma",3,895.1659,132.5054,116.8234,70,77.2569,81,72.4062,15
"32","PROLIFIC_PID_CLTandFLE_2026-06-22_05h49.58.128.csv","P011",2,"a","2026-06-22_05h49.58.128","Win32",21.4883,"26.5498","35.4504",22,"ma",3,895.1659,122.3312,60.2511,54,67.0725,76,70.1967,19
"33","PROLIFIC_PID_CLTandFLE_2026-06-22_05h49.58.128.csv","P011",3,"m","2026-06-22_05h49.58.128","Win32",21.4883,"26.5498","35.4504",22,"ma",3,895.1659,21.1111,18.4117,46,21.5018,84,17.3757,14
"34","PROLIFIC_PID_CLTandFLE_2026-06-22_09h45.46.666.csv","P012",1,"l","2026-06-22_09h45.46.666","Win32",17.6041,"25.677","33.1983",23,"ma",3,336.8776,21.2874,15.0214,80,21.7722,95,27.3746,0
"35","PROLIFIC_PID_CLTandFLE_2026-06-22_09h45.46.666.csv","P012",2,"m","2026-06-22_09h45.46.666","Win32",17.6041,"25.677","33.1983",23,"ma",3,336.8776,15.0922,6.8558,61,5.5855,95,9.0295,1
"36","PROLIFIC_PID_CLTandFLE_2026-06-22_09h45.46.666.csv","P012",3,"a","2026-06-22_09h45.46.666","Win32",17.6041,"25.677","33.1983",23,"ma",3,336.8776,20.6647,7.9586,30,9.5284,100,47.7244,0
"37","PROLIFIC_PID_CLTandFLE_2026-06-22_09h45.52.401.csv","P013",1,"a","2026-06-22_09h45.52.401","MacIntel",4.0577,"62.9415","71.0915",24,"fe",4,413.7535,14.8934,8.8791,64,6.6787,97,23.0927,0
"38","PROLIFIC_PID_CLTandFLE_2026-06-22_09h45.52.401.csv","P013",2,"m","2026-06-22_09h45.52.401","MacIntel",4.0577,"62.9415","71.0915",24,"fe",4,413.7535,14.4232,5.1579,100,4.686,100,4.9226,21
"39","PROLIFIC_PID_CLTandFLE_2026-06-22_09h45.52.401.csv","P013",3,"l","2026-06-22_09h45.52.401","MacIntel",4.0577,"62.9415","71.0915",24,"fe",4,413.7535,191.8245,7.8427,60,3.9658,97,3.5501,4
"40","PROLIFIC_PID_CLTandFLE_2026-06-22_09h46.07.487.csv","P014",1,"a","2026-06-22_09h46.07.487","MacIntel",20.3989,"32.7767","41.1084",22,"fe",4,284.8055,15.716,11.9826,69,13.0834,58,13.5494,21
"41","PROLIFIC_PID_CLTandFLE_2026-06-22_09h46.07.487.csv","P014",2,"l","2026-06-22_09h46.07.487","MacIntel",20.3989,"32.7767","41.1084",22,"fe",4,284.8055,19.4827,9.6324,87,7.5323,88,18.983,90
"42","PROLIFIC_PID_CLTandFLE_2026-06-22_09h46.07.487.csv","P014",3,"m","2026-06-22_09h46.07.487","MacIntel",20.3989,"32.7767","41.1084",22,"fe",4,284.8055,27.8497,11.7333,98,8.1492,99,5.0497,1
"43","PROLIFIC_PID_CLTandFLE_2026-06-22_09h46.11.768.csv","P015",1,"a","2026-06-22_09h46.11.768","MacIntel",14.4989,"22.8686","31.6496",20,"fe",3,368.9088,41.5175,14.8339,80,13.832,90,43.1505,10
"44","PROLIFIC_PID_CLTandFLE_2026-06-22_09h46.11.768.csv","P015",2,"m","2026-06-22_09h46.11.768","MacIntel",14.4989,"22.8686","31.6496",20,"fe",3,368.9088,18.767,6.7175,75,7.0166,60,18.0512,40
"45","PROLIFIC_PID_CLTandFLE_2026-06-22_09h46.11.768.csv","P015",3,"l","2026-06-22_09h46.11.768","MacIntel",14.4989,"22.8686","31.6496",20,"fe",3,368.9088,71.4526,8.6499,80,5.6341,50,6.1175,50
"46","PROLIFIC_PID_CLTandFLE_2026-06-22_09h46.28.041.csv","P016",1,"a","2026-06-22_09h46.28.041","Win32",7.3549,"15.6097","27.7003",24,"fe",5,276.0062,28.4938,15.7078,50,10.5152,93,10.0958,6
"47","PROLIFIC_PID_CLTandFLE_2026-06-22_09h46.28.041.csv","P016",2,"m","2026-06-22_09h46.28.041","Win32",7.3549,"15.6097","27.7003",24,"fe",5,276.0062,30.7391,15.3758,82,17.5577,90,16.8903,6
"48","PROLIFIC_PID_CLTandFLE_2026-06-22_09h46.28.041.csv","P016",3,"l","2026-06-22_09h46.28.041","Win32",7.3549,"15.6097","27.7003",24,"fe",5,276.0062,26.2939,8.6387,100,13.6568,100,8.041,99
"49","PROLIFIC_PID_CLTandFLE_2026-06-22_09h48.40.633.csv","P017",1,"l","2026-06-22_09h48.40.633","Win32",9.2266,"83.5192","88.0003",21,"ma",3,348.8222,16.7321,22.7654,64,15.1818,81,18.5656,5
"50","PROLIFIC_PID_CLTandFLE_2026-06-22_09h48.40.633.csv","P017",2,"a","2026-06-22_09h48.40.633","Win32",9.2266,"83.5192","88.0003",21,"ma",3,348.8222,25.8985,11.2994,94,16.0326,80,12.7994,5
"51","PROLIFIC_PID_CLTandFLE_2026-06-22_09h48.40.633.csv","P017",3,"m","2026-06-22_09h48.40.633","Win32",9.2266,"83.5192","88.0003",21,"ma",3,348.8222,13.8989,12.6328,85,25.7486,90,11.8827,0
"52","PROLIFIC_PID_CLTandFLE_2026-06-22_10h43.34.043.csv","P018",1,"a","2026-06-22_10h43.34.043","Win32",23.32,"37.1374","49.4098",22,"ma",3,368.8426,20.9503,16.7486,50,27.8601,100,27.9923,0
"53","PROLIFIC_PID_CLTandFLE_2026-06-22_10h43.34.043.csv","P018",2,"l","2026-06-22_10h43.34.043","Win32",23.32,"37.1374","49.4098",22,"ma",3,368.8426,21.1369,25.0238,70,16.7432,97,28.1609,0
"54","PROLIFIC_PID_CLTandFLE_2026-06-22_10h43.34.043.csv","P018",3,"m","2026-06-22_10h43.34.043","Win32",23.32,"37.1374","49.4098",22,"ma",3,368.8426,22.6334,18.5171,60,24.1083,99,11.9455,0
"55","PROLIFIC_PID_CLTandFLE_2026-06-22_10h45.41.537.csv","P019",1,"a","2026-06-22_10h45.41.537","Win32",24.9317,"38.8214","49.6988",22,"ma",4,316.4492,22.9899,16.6089,50,19.2247,65,12.6607,35
"56","PROLIFIC_PID_CLTandFLE_2026-06-22_10h45.41.537.csv","P019",2,"l","2026-06-22_10h45.41.537","Win32",24.9317,"38.8214","49.6988",22,"ma",4,316.4492,45.5962,5.7808,75,10.1122,97,20.3401,0
"57","PROLIFIC_PID_CLTandFLE_2026-06-22_10h45.41.537.csv","P019",3,"m","2026-06-22_10h45.41.537","Win32",24.9317,"38.8214","49.6988",22,"ma",4,316.4492,18.2591,10.0453,55,12.6952,80,19.6909,15
"58","PROLIFIC_PID_CLTandFLE_2026-06-22_10h45.59.525.csv","P020",1,"l","2026-06-22_10h45.59.525","Win32",17.9358,"24.5788","35.2942",24,"ma",3,266.1061,17.4246,17.2721,90,18.8301,90,22.7931,38
"59","PROLIFIC_PID_CLTandFLE_2026-06-22_10h45.59.525.csv","P020",2,"m","2026-06-22_10h45.59.525","Win32",17.9358,"24.5788","35.2942",24,"ma",3,266.1061,23.5239,11.3264,70,8.4394,98,11.0842,5
"60","PROLIFIC_PID_CLTandFLE_2026-06-22_10h45.59.525.csv","P020",3,"a","2026-06-22_10h45.59.525","Win32",17.9358,"24.5788","35.2942",24,"ma",3,266.1061,12.6519,9.9518,60,10.2379,100,13.0332,5
"61","PROLIFIC_PID_CLTandFLE_2026-06-22_10h46.00.606.csv","P021",1,"m","2026-06-22_10h46.00.606","Win32",17.1488,"26.7295","36.3559",22,"ma",4,258.1215,21.6201,13.7455,59,21.4369,97,28.6936,0
"62","PROLIFIC_PID_CLTandFLE_2026-06-22_10h46.00.606.csv","P021",2,"a","2026-06-22_10h46.00.606","Win32",17.1488,"26.7295","36.3559",22,"ma",4,258.1215,13.5799,7.4072,39,5.8392,100,17.8846,3
"63","PROLIFIC_PID_CLTandFLE_2026-06-22_10h46.00.606.csv","P021",3,"l","2026-06-22_10h46.00.606","Win32",17.1488,"26.7295","36.3559",22,"ma",4,258.1215,11.8608,8.5239,41,5.2708,98,8.2595,0
"64","PROLIFIC_PID_CLTandFLE_2026-06-22_10h46.04.413.csv","P022",1,"l","2026-06-22_10h46.04.413","Win32",22.8909,"32.3268","46.5582",24,"ma",3,274.6036,33.2098,22.1334,80,18.8917,92,15.5329,5
"65","PROLIFIC_PID_CLTandFLE_2026-06-22_10h46.04.413.csv","P022",2,"m","2026-06-22_10h46.04.413","Win32",22.8909,"32.3268","46.5582",24,"ma",3,274.6036,13.242,11.0586,74,10.0422,66,5.8418,18
"66","PROLIFIC_PID_CLTandFLE_2026-06-22_10h46.04.413.csv","P022",3,"a","2026-06-22_10h46.04.413","Win32",22.8909,"32.3268","46.5582",24,"ma",3,274.6036,18.9677,11.6166,46,9.5163,22,2.6657,74
"67","PROLIFIC_PID_CLTandFLE_2026-06-22_10h46.14.860.csv","P023",1,"a","2026-06-22_10h46.14.860","Win32",5.3972,"19.0779","29.2773",18,"fe",3,303.8436,22.017,23.7497,25,27.9828,75,19.1332,0
"68","PROLIFIC_PID_CLTandFLE_2026-06-22_10h46.14.860.csv","P023",2,"l","2026-06-22_10h46.14.860","Win32",5.3972,"19.0779","29.2773",18,"fe",3,303.8436,21.8332,12.1521,50,18.3354,100,9.6354,0
"69","PROLIFIC_PID_CLTandFLE_2026-06-22_10h46.14.860.csv","P023",3,"m","2026-06-22_10h46.14.860","Win32",5.3972,"19.0779","29.2773",18,"fe",3,303.8436,17.0017,8.1519,75,20.1843,85,14.2185,10
"70","PROLIFIC_PID_CLTandFLE_2026-06-22_10h46.15.625.csv","P024",1,"m","2026-06-22_10h46.15.625","Win32",11.4266,"23.0449","45.2142",19,"ma",3,270.8627,23.8421,12.5421,52,14.0111,93,17.7746,24
"71","PROLIFIC_PID_CLTandFLE_2026-06-22_10h46.15.625.csv","P024",2,"l","2026-06-22_10h46.15.625","Win32",11.4266,"23.0449","45.2142",19,"ma",3,270.8627,18.4508,9.7523,74,9.8469,98,9.7572,19
"72","PROLIFIC_PID_CLTandFLE_2026-06-22_10h46.15.625.csv","P024",3,"a","2026-06-22_10h46.15.625","Win32",11.4266,"23.0449","45.2142",19,"ma",3,270.8627,18.7498,8.6776,20,10.3922,72,13.3794,37
"73","PROLIFIC_PID_CLTandFLE_2026-06-22_10h46.17.545.csv","P025",1,"m","2026-06-22_10h46.17.545","Linux x86_64",19.0474,"28.8498","47.1301",21,"ma",3,352.4879,30.3986,26.5324,70,25.8485,90,21.7831,15
"74","PROLIFIC_PID_CLTandFLE_2026-06-22_10h46.17.545.csv","P025",2,"l","2026-06-22_10h46.17.545","Linux x86_64",19.0474,"28.8498","47.1301",21,"ma",3,352.4879,28.0157,12.0325,60,18.6495,90,15.0824,1
"75","PROLIFIC_PID_CLTandFLE_2026-06-22_10h46.17.545.csv","P025",3,"a","2026-06-22_10h46.17.545","Linux x86_64",19.0474,"28.8498","47.1301",21,"ma",3,352.4879,30.799,10.3494,84,13.6661,95,14.9661,30
"76","PROLIFIC_PID_CLTandFLE_2026-06-22_10h46.18.154.csv","P026",1,"l","2026-06-22_10h46.18.154","Win32",36.9586,"50.2363","85.9592",21,"ma",3,684.9162,84.6817,46.6554,75,48.8831,95,63.3413,40
"77","PROLIFIC_PID_CLTandFLE_2026-06-22_10h46.18.154.csv","P026",2,"m","2026-06-22_10h46.18.154","Win32",36.9586,"50.2363","85.9592",21,"ma",3,684.9162,51.404,33.9047,78,16.2988,80,17.9526,20
"78","PROLIFIC_PID_CLTandFLE_2026-06-22_10h46.18.154.csv","P026",3,"a","2026-06-22_10h46.18.154","Win32",36.9586,"50.2363","85.9592",21,"ma",3,684.9162,57.8195,23.471,65,53.4847,90,32.2375,30
"79","PROLIFIC_PID_CLTandFLE_2026-06-22_10h46.32.177.csv","P027",1,"l","2026-06-22_10h46.32.177","Win32",32.348,"48.637","62.934",21,"fe",3,557.685,36.164,52.08,65,19.098,95,94.56,10
"80","PROLIFIC_PID_CLTandFLE_2026-06-22_10h46.32.177.csv","P027",2,"a","2026-06-22_10h46.32.177","Win32",32.348,"48.637","62.934",21,"fe",3,557.685,54.312,19.249,50,29.581,90,46.463,0
"81","PROLIFIC_PID_CLTandFLE_2026-06-22_10h46.32.177.csv","P027",3,"m","2026-06-22_10h46.32.177","Win32",32.348,"48.637","62.934",21,"fe",3,557.685,33.78,11.882,90,13.449,65,25.765,10
"82","PROLIFIC_PID_CLTandFLE_2026-06-22_10h46.33.259.csv","P028",1,"l","2026-06-22_10h46.33.259","Win32",19.483,"37.2686","50.1004",23,"fe",4,261.914,25.125,13.5723,58,10.2997,80,15.2393,58
"83","PROLIFIC_PID_CLTandFLE_2026-06-22_10h46.33.259.csv","P028",2,"a","2026-06-22_10h46.33.259","Win32",19.483,"37.2686","50.1004",23,"fe",4,261.914,19.4337,8.9898,11,10.4111,83,12.0336,1
"84","PROLIFIC_PID_CLTandFLE_2026-06-22_10h46.33.259.csv","P028",3,"m","2026-06-22_10h46.33.259","Win32",19.483,"37.2686","50.1004",23,"fe",4,261.914,21.5566,10.5165,85,6.4505,91,2.3835,22
"85","PROLIFIC_PID_CLTandFLE_2026-06-22_10h46.33.819.csv","P029",1,"l","2026-06-22_10h46.33.819","Win32",24.8826,"41.4721","55.8436",21,"fe",4,356.6837,35.1519,17.4062,65,22.3693,95,27.0875,1
"86","PROLIFIC_PID_CLTandFLE_2026-06-22_10h46.33.819.csv","P029",2,"a","2026-06-22_10h46.33.819","Win32",24.8826,"41.4721","55.8436",21,"fe",4,356.6837,18.514,8.4343,50,15.2438,100,20.9667,25
"87","PROLIFIC_PID_CLTandFLE_2026-06-22_10h46.33.819.csv","P029",3,"m","2026-06-22_10h46.33.819","Win32",24.8826,"41.4721","55.8436",21,"fe",4,356.6837,40.4088,11.7281,75,7.186,90,17.7248,15
"88","PROLIFIC_PID_CLTandFLE_2026-06-22_10h46.37.213.csv","P030",1,"a","2026-06-22_10h46.37.213","Win32",11.5525,"28.4295","38.9045",23,"ma",4,290.3648,28.431,16.9859,100,16.9913,80,22.2556,3
"89","PROLIFIC_PID_CLTandFLE_2026-06-22_10h46.37.213.csv","P030",2,"l","2026-06-22_10h46.37.213","Win32",11.5525,"28.4295","38.9045",23,"ma",4,290.3648,20.4805,8.9055,100,12.9596,99,12.7007,0
"90","PROLIFIC_PID_CLTandFLE_2026-06-22_10h46.37.213.csv","P030",3,"m","2026-06-22_10h46.37.213","Win32",11.5525,"28.4295","38.9045",23,"ma",4,290.3648,14.7501,4.088,100,13.3427,80,24.4551,4
"91","PROLIFIC_PID_CLTandFLE_2026-06-22_10h46.56.014.csv","P031",1,"m","2026-06-22_10h46.56.014","Win32",19.5222,"30.7273","43.5866",19,"ma",4,393.5478,121.1188,19.2283,79,25.2506,70,18.7278,10
"92","PROLIFIC_PID_CLTandFLE_2026-06-22_10h46.56.014.csv","P031",2,"a","2026-06-22_10h46.56.014","Win32",19.5222,"30.7273","43.5866",19,"ma",4,393.5478,22.6004,15.9119,50,8.3978,75,13.5128,0
"93","PROLIFIC_PID_CLTandFLE_2026-06-22_10h46.56.014.csv","P031",3,"l","2026-06-22_10h46.56.014","Win32",19.5222,"30.7273","43.5866",19,"ma",4,393.5478,17.8196,7.4311,65,5.5895,70,9.1245,5
"94","PROLIFIC_PID_CLTandFLE_2026-06-22_10h47.00.742.csv","P032",1,"m","2026-06-22_10h47.00.742","Win32",28.4076,"46.1996","56.2343",24,"fe",4,289.7995,15.0493,17.6337,85,17.8004,95,15.2156,14
"95","PROLIFIC_PID_CLTandFLE_2026-06-22_10h47.00.742.csv","P032",2,"a","2026-06-22_10h47.00.742","Win32",28.4076,"46.1996","56.2343",24,"fe",4,289.7995,17.2665,13.5534,37,9.45,65,16.3662,11
"96","PROLIFIC_PID_CLTandFLE_2026-06-22_10h47.00.742.csv","P032",3,"l","2026-06-22_10h47.00.742","Win32",28.4076,"46.1996","56.2343",24,"fe",4,289.7995,12.8836,10.1663,98,12.0498,96,11.2003,79
"97","PROLIFIC_PID_CLTandFLE_2026-06-22_10h47.03.844.csv","P033",1,"m","2026-06-22_10h47.03.844","Win32",8.3251,"49.7283","70.1677",24,"fe",4,445.0263,34.7858,24.2781,70,23.8192,90,29.797,20
"98","PROLIFIC_PID_CLTandFLE_2026-06-22_10h47.03.844.csv","P033",2,"a","2026-06-22_10h47.03.844","Win32",8.3251,"49.7283","70.1677",24,"fe",4,445.0263,37.2102,44.0336,50,15.9545,100,18.7137,0
"99","PROLIFIC_PID_CLTandFLE_2026-06-22_10h47.03.844.csv","P033",3,"l","2026-06-22_10h47.03.844","Win32",8.3251,"49.7283","70.1677",24,"fe",4,445.0263,53.2818,9.4486,48,14.8171,100,9.0808,0
"100","PROLIFIC_PID_CLTandFLE_2026-06-22_10h47.22.899.csv","P034",1,"l","2026-06-22_10h47.22.899","iPhone",15.38,"18.227","23.351",23,"fe",4,234.661,42.448,7.867,82,9.005,45,11.237,96
"101","PROLIFIC_PID_CLTandFLE_2026-06-22_10h47.22.899.csv","P034",2,"a","2026-06-22_10h47.22.899","iPhone",15.38,"18.227","23.351",23,"fe",4,234.661,17.054,5.704,51,8.02,13,2.372,85
"102","PROLIFIC_PID_CLTandFLE_2026-06-22_10h47.22.899.csv","P034",3,"m","2026-06-22_10h47.22.899","iPhone",15.38,"18.227","23.351",23,"fe",4,234.661,26.163,9.861,37,8.287,78,3.241,48
"103","PROLIFIC_PID_CLTandFLE_2026-06-22_10h47.37.367.csv","P035",1,"m","2026-06-22_10h47.37.367","Win32",25.1797,"63.9807","104.1453",21,"fe",4,830.0141,29.1496,34.7447,55,39.8158,90,49.334,10
"104","PROLIFIC_PID_CLTandFLE_2026-06-22_10h47.37.367.csv","P035",2,"l","2026-06-22_10h47.37.367","Win32",25.1797,"63.9807","104.1453",21,"fe",4,830.0141,43.7833,105.8829,56,52.3666,72,32.7837,23
"105","PROLIFIC_PID_CLTandFLE_2026-06-22_10h47.37.367.csv","P035",3,"a","2026-06-22_10h47.37.367","Win32",25.1797,"63.9807","104.1453",21,"fe",4,830.0141,47.222,20.4167,83,42.7505,92,20.2329,8
"106","PROLIFIC_PID_CLTandFLE_2026-06-22_10h47.38.638.csv","P036",1,"a","2026-06-22_10h47.38.638","MacIntel",16.0325,"28.9025","36.1159",21,"ma",3,334.5057,12.9739,17.3006,29,12.6087,90,23.3742,10
"107","PROLIFIC_PID_CLTandFLE_2026-06-22_10h47.38.638.csv","P036",2,"l","2026-06-22_10h47.38.638","MacIntel",16.0325,"28.9025","36.1159",21,"ma",3,334.5057,12.5246,9.3588,90,16.117,85,8.0501,0
"108","PROLIFIC_PID_CLTandFLE_2026-06-22_10h47.38.638.csv","P036",3,"m","2026-06-22_10h47.38.638","MacIntel",16.0325,"28.9025","36.1159",21,"ma",3,334.5057,60.183,11.1498,50,8.9332,90,8.8079,50
"109","PROLIFIC_PID_CLTandFLE_2026-06-22_10h47.52.921.csv","P037",1,"a","2026-06-22_10h47.52.921","Win32",11.9161,"32.1739","48.8397",20,"fe",3,468.5619,31.6742,25.8919,30,30.6377,60,54.6817,0
"110","PROLIFIC_PID_CLTandFLE_2026-06-22_10h47.52.921.csv","P037",2,"l","2026-06-22_10h47.52.921","Win32",11.9161,"32.1739","48.8397",20,"fe",3,468.5619,29.5761,24.5316,60,21.9791,95,34.8835,0
"111","PROLIFIC_PID_CLTandFLE_2026-06-22_10h47.52.921.csv","P037",3,"m","2026-06-22_10h47.52.921","Win32",11.9161,"32.1739","48.8397",20,"fe",3,468.5619,50.7355,13.9699,80,17.9329,90,24.8101,60
"112","PROLIFIC_PID_CLTandFLE_2026-06-22_10h47.59.383.csv","P038",1,"l","2026-06-22_10h47.59.383","Win32",5.0011,"10.6811","16.8685",20,"ma",4,231.4739,15.5469,10.2813,39,13.0468,60,10.0576,22
"113","PROLIFIC_PID_CLTandFLE_2026-06-22_10h47.59.383.csv","P038",2,"a","2026-06-22_10h47.59.383","Win32",5.0011,"10.6811","16.8685",20,"ma",4,231.4739,32.7972,3.8604,46,4.3813,61,7.448,19
"114","PROLIFIC_PID_CLTandFLE_2026-06-22_10h47.59.383.csv","P038",3,"m","2026-06-22_10h47.59.383","Win32",5.0011,"10.6811","16.8685",20,"ma",4,231.4739,42.5605,6.0726,36,6.0907,76,5.9143,17
"115","PROLIFIC_PID_CLTandFLE_2026-06-22_10h48.08.523.csv","P039",1,"m","2026-06-22_10h48.08.523","Linux armv81",27.5618,"64.3115","91.4875",22,"ma",4,540.1219,29.3911,29.2805,74,42.0947,87,57.4824,63
"116","PROLIFIC_PID_CLTandFLE_2026-06-22_10h48.08.523.csv","P039",2,"l","2026-06-22_10h48.08.523","Linux armv81",27.5618,"64.3115","91.4875",22,"ma",4,540.1219,59.0348,8.0002,75,39.1081,100,56.8809,72
"117","PROLIFIC_PID_CLTandFLE_2026-06-22_10h48.08.523.csv","P039",3,"a","2026-06-22_10h48.08.523","Linux armv81",27.5618,"64.3115","91.4875",22,"ma",4,540.1219,14.1715,6.947,41,8.3972,65,37.7263,31
"118","PROLIFIC_PID_CLTandFLE_2026-06-22_10h48.11.273.csv","P040",1,"l","2026-06-22_10h48.11.273","Win32",5.4657,"18.1204","29.4033",20,"ma",3,231.7416,25.9747,16.0165,82,16.4695,83,15.0052,0
"119","PROLIFIC_PID_CLTandFLE_2026-06-22_10h48.11.273.csv","P040",2,"m","2026-06-22_10h48.11.273","Win32",5.4657,"18.1204","29.4033",20,"ma",3,231.7416,16.7029,8.1554,81,2.8199,83,15.8088,21
"120","PROLIFIC_PID_CLTandFLE_2026-06-22_10h48.11.273.csv","P040",3,"a","2026-06-22_10h48.11.273","Win32",5.4657,"18.1204","29.4033",20,"ma",3,231.7416,18.1031,6.9502,10,10.3336,10,5.9,100
"121","PROLIFIC_PID_CLTandFLE_2026-06-22_10h48.14.847.csv","P041",1,"a","2026-06-22_10h48.14.847","Linux armv81",19.3339,"26.3669","43.2374",22,"fe",4,336.7462,34.6117,19.678,89,13.9331,100,15.4831,0
"122","PROLIFIC_PID_CLTandFLE_2026-06-22_10h48.14.847.csv","P041",2,"m","2026-06-22_10h48.14.847","Linux armv81",19.3339,"26.3669","43.2374",22,"fe",4,336.7462,50.4841,14.7009,72,11.2724,75,8.9557,23
"123","PROLIFIC_PID_CLTandFLE_2026-06-22_10h48.14.847.csv","P041",3,"l","2026-06-22_10h48.14.847","Linux armv81",19.3339,"26.3669","43.2374",22,"fe",4,336.7462,28.1009,9.6264,99,14.2282,90,7.7394,11
"124","PROLIFIC_PID_CLTandFLE_2026-06-22_10h48.29.885.csv","P042",1,"l","2026-06-22_10h48.29.885","Linux armv81",52.9925,"56.5497","80.1103",24,"fe",4,651.1657,42.2254,25.1024,90,25.994,90,71.0316,10
"125","PROLIFIC_PID_CLTandFLE_2026-06-22_10h48.29.885.csv","P042",2,"m","2026-06-22_10h48.29.885","Linux armv81",52.9925,"56.5497","80.1103",24,"fe",4,651.1657,50.7383,30.7514,80,34.9138,90,35.1189,0
"126","PROLIFIC_PID_CLTandFLE_2026-06-22_10h48.29.885.csv","P042",3,"a","2026-06-22_10h48.29.885","Linux armv81",52.9925,"56.5497","80.1103",24,"fe",4,651.1657,60.4263,18.1924,50,81.8686,50,29.4897,0
"127","PROLIFIC_PID_CLTandFLE_2026-06-22_10h48.50.335.csv","P043",1,"a","2026-06-22_10h48.50.335","Linux armv81",11.7676,"15.1368","28.3285",22,"fe",4,261.8009,44.4946,11.2355,69,42.3055,58,6.4178,78
"128","PROLIFIC_PID_CLTandFLE_2026-06-22_10h48.50.335.csv","P043",2,"m","2026-06-22_10h48.50.335","Linux armv81",11.7676,"15.1368","28.3285",22,"fe",4,261.8009,17.0481,8.0476,83,3.5864,82,5.0914,62
"129","PROLIFIC_PID_CLTandFLE_2026-06-22_10h48.50.335.csv","P043",3,"l","2026-06-22_10h48.50.335","Linux armv81",11.7676,"15.1368","28.3285",22,"fe",4,261.8009,21.7422,7.3495,75,4.0888,88,3.7931,61
"130","PROLIFIC_PID_CLTandFLE_2026-06-22_10h49.11.759.csv","P044",1,"a","2026-06-22_10h49.11.759","Win32",45.2557,"53.9641","80.8344",23,"fe",4,244.5785,14.1516,9.7099,67,12.3829,100,18.3657,0
"131","PROLIFIC_PID_CLTandFLE_2026-06-22_10h49.11.759.csv","P044",2,"m","2026-06-22_10h49.11.759","Win32",45.2557,"53.9641","80.8344",23,"fe",4,244.5785,14.383,6.0831,49,6.1497,76,3.9999,14
"132","PROLIFIC_PID_CLTandFLE_2026-06-22_10h49.11.759.csv","P044",3,"l","2026-06-22_10h49.11.759","Win32",45.2557,"53.9641","80.8344",23,"fe",4,244.5785,13.7498,5.9994,33,3.7331,50,2.1327,50
"133","PROLIFIC_PID_CLTandFLE_2026-06-22_10h49.41.789.csv","P045",1,"m","2026-06-22_10h49.41.789","Win32",48.9398,"63.0848","74.4206",23,"fe",4,314.3114,25.9365,11.0616,82,15.7127,84,16.6969,25
"134","PROLIFIC_PID_CLTandFLE_2026-06-22_10h49.41.789.csv","P045",2,"a","2026-06-22_10h49.41.789","Win32",48.9398,"63.0848","74.4206",23,"fe",4,314.3114,22.6666,7.3492,33,10.1893,50,20.5435,50
"135","PROLIFIC_PID_CLTandFLE_2026-06-22_10h49.41.789.csv","P045",3,"l","2026-06-22_10h49.41.789","Win32",48.9398,"63.0848","74.4206",23,"fe",4,314.3114,19.501,14.5064,67,5.5046,77,19.0471,5
"136","PROLIFIC_PID_CLTandFLE_2026-06-22_10h50.04.799.csv","P046",1,"m","2026-06-22_10h50.04.799","Win32",11.3758,"19.5325","29.3877",24,"ma",3,255.1917,13.698,13.805,85,9.9372,89,24.4484,9
"137","PROLIFIC_PID_CLTandFLE_2026-06-22_10h50.04.799.csv","P046",2,"a","2026-06-22_10h50.04.799","Win32",11.3758,"19.5325","29.3877",24,"ma",3,255.1917,17.8466,6.5358,50,7.4142,50,15.8592,50
"138","PROLIFIC_PID_CLTandFLE_2026-06-22_10h50.04.799.csv","P046",3,"l","2026-06-22_10h50.04.799","Win32",11.3758,"19.5325","29.3877",24,"ma",3,255.1917,38.8142,6.7626,60,6.0287,60,8.2297,0
"139","PROLIFIC_PID_CLTandFLE_2026-06-22_10h50.07.460.csv","P047",1,"a","2026-06-22_10h50.07.460","Win32",6.2444,"12.1822","21.8683",22,"fe",4,262.7556,16.5957,12.7332,50,20.3006,100,24.1672,0
"140","PROLIFIC_PID_CLTandFLE_2026-06-22_10h50.07.460.csv","P047",2,"m","2026-06-22_10h50.07.460","Win32",6.2444,"12.1822","21.8683",22,"fe",4,262.7556,13.6725,12.1508,50,26.2888,100,12.6385,0
"141","PROLIFIC_PID_CLTandFLE_2026-06-22_10h50.07.460.csv","P047",3,"l","2026-06-22_10h50.07.460","Win32",6.2444,"12.1822","21.8683",22,"fe",4,262.7556,14.0798,10.688,50,11.1545,100,5.97,0
"142","PROLIFIC_PID_CLTandFLE_2026-06-22_10h50.08.649.csv","P048",1,"l","2026-06-22_10h50.08.649","MacIntel",19.2987,"33.2407","55.0878",21,"ma",3,279.403,30.1825,15.0335,50,13.5664,100,21.7825,2
"143","PROLIFIC_PID_CLTandFLE_2026-06-22_10h50.08.649.csv","P048",2,"a","2026-06-22_10h50.08.649","MacIntel",19.2987,"33.2407","55.0878",21,"ma",3,279.403,22.783,6.5495,13,8.5161,68,10.3328,19
"144","PROLIFIC_PID_CLTandFLE_2026-06-22_10h50.08.649.csv","P048",3,"m","2026-06-22_10h50.08.649","MacIntel",19.2987,"33.2407","55.0878",21,"ma",3,279.403,18.3164,6.3831,40,10.7155,81,4.9153,23
"145","PROLIFIC_PID_CLTandFLE_2026-06-22_10h50.09.713.csv","P049",1,"l","2026-06-22_10h50.09.713","MacIntel",14.2493,"31.4496","58.0979",22,"ma",3,329.8135,30.5495,26.9997,80,19.1161,29,14.9663,50
"146","PROLIFIC_PID_CLTandFLE_2026-06-22_10h50.09.713.csv","P049",2,"a","2026-06-22_10h50.09.713","MacIntel",14.2493,"31.4496","58.0979",22,"ma",3,329.8135,20.4658,14.9654,40,20.7322,90,14.2668,100
"147","PROLIFIC_PID_CLTandFLE_2026-06-22_10h50.09.713.csv","P049",3,"m","2026-06-22_10h50.09.713","MacIntel",14.2493,"31.4496","58.0979",22,"ma",3,329.8135,22.2506,9.4488,61,9.0841,85,13.3322,51
"148","PROLIFIC_PID_CLTandFLE_2026-06-22_10h50.36.429.csv","P050",1,"m","2026-06-22_10h50.36.429","Win32",43.9678,"59.1174","73.1589",22,"fe",4,419.9259,35.5543,29.0502,70,24.6649,95,21.5692,22
"149","PROLIFIC_PID_CLTandFLE_2026-06-22_10h50.36.429.csv","P050",2,"a","2026-06-22_10h50.36.429","Win32",43.9678,"59.1174","73.1589",22,"fe",4,419.9259,28.289,22.7722,60,28.8849,100,24.9341,0
"150","PROLIFIC_PID_CLTandFLE_2026-06-22_10h50.36.429.csv","P050",3,"l","2026-06-22_10h50.36.429","Win32",43.9678,"59.1174","73.1589",22,"fe",4,419.9259,43.4749,11.2679,79,9.739200001,95,9.553699999,1
"151","PROLIFIC_PID_CLTandFLE_2026-06-22_10h51.03.271.csv","P051",1,"l","2026-06-22_10h51.03.271","Win32",24.7407,"50.3967","72.7828",22,"fe",4,481.8507,31.0676,30.2102,62,13.16,84,27.5955,33
"152","PROLIFIC_PID_CLTandFLE_2026-06-22_10h51.03.271.csv","P051",2,"a","2026-06-22_10h51.03.271","Win32",24.7407,"50.3967","72.7828",22,"fe",4,481.8507,51.9661,23.547,54,13.4939,71,34.9006,0
"153","PROLIFIC_PID_CLTandFLE_2026-06-22_10h51.03.271.csv","P051",3,"m","2026-06-22_10h51.03.271","Win32",24.7407,"50.3967","72.7828",22,"fe",4,481.8507,40.938,33.6009,10,21.0081,100,18.5911,0
"154","PROLIFIC_PID_CLTandFLE_2026-06-22_10h52.33.407.csv","P052",1,"a","2026-06-22_10h52.33.407","Win32",12.3172,"23.5367","39.202",22,"fe",3,212.1248,20.0369,10.9868,75,12.8809,90,9.3833,5
"155","PROLIFIC_PID_CLTandFLE_2026-06-22_10h52.33.407.csv","P052",2,"m","2026-06-22_10h52.33.407","Win32",12.3172,"23.5367","39.202",22,"fe",3,212.1248,11.9551,9.5508,76,6.5561,95,6.5899,2
"156","PROLIFIC_PID_CLTandFLE_2026-06-22_10h52.33.407.csv","P052",3,"l","2026-06-22_10h52.33.407","Win32",12.3172,"23.5367","39.202",22,"fe",3,212.1248,11.5168,7.0038,70,4.8351,80,4.6145,9
"157","PROLIFIC_PID_CLTandFLE_2026-06-22_10h53.00.806.csv","P053",1,"a","2026-06-22_10h53.00.806","Linux armv81",16.8619,"25.5101","89.0305",22,"fe",3,414.5626,9.278,17.0591,100,14.228,85,41.5415,91
"158","PROLIFIC_PID_CLTandFLE_2026-06-22_10h53.00.806.csv","P053",2,"m","2026-06-22_10h53.00.806","Linux armv81",16.8619,"25.5101","89.0305",22,"fe",3,414.5626,45.6325,14.6552,97,24.3494,99,14.7468,100
"159","PROLIFIC_PID_CLTandFLE_2026-06-22_10h53.00.806.csv","P053",3,"l","2026-06-22_10h53.00.806","Linux armv81",16.8619,"25.5101","89.0305",22,"fe",3,414.5626,18.751,4.9663,99,4.0933,94,13.2186,30
"160","PROLIFIC_PID_CLTandFLE_2026-06-22_10h53.42.177.csv","P054",1,"m","2026-06-22_10h53.42.177","Linux armv81",17.188,"25.9083","36.8145",24,"fe",4,683.7193,95.2197,49.6426,50,26.107,100,58.6771,0
"161","PROLIFIC_PID_CLTandFLE_2026-06-22_10h53.42.177.csv","P054",2,"a","2026-06-22_10h53.42.177","Linux armv81",17.188,"25.9083","36.8145",24,"fe",4,683.7193,74.1054,40.3332,50,43.1355,100,76.2491,5
"162","PROLIFIC_PID_CLTandFLE_2026-06-22_10h53.42.177.csv","P054",3,"l","2026-06-22_10h53.42.177","Linux armv81",17.188,"25.9083","36.8145",24,"fe",4,683.7193,42.1128,15.7568,50,9.3614,100,44.3448,0
"163","PROLIFIC_PID_CLTandFLE_2026-06-22_10h55.11.637.csv","P055",1,"l","2026-06-22_10h55.11.637","Win32",37.7276,"42.5985","58.3439",19,"fe",4,581.2257,21.3001,64.062,50,63.355,89,28.4958,8
"164","PROLIFIC_PID_CLTandFLE_2026-06-22_10h55.11.637.csv","P055",2,"a","2026-06-22_10h55.11.637","Win32",37.7276,"42.5985","58.3439",19,"fe",4,581.2257,15.2346,69.9842,51,45.2312,84,40.2347,6
"165","PROLIFIC_PID_CLTandFLE_2026-06-22_10h55.11.637.csv","P055",3,"m","2026-06-22_10h55.11.637","Win32",37.7276,"42.5985","58.3439",19,"fe",4,581.2257,5.2811,42.4969,46,28.6862,89,28.2046,6
"166","PROLIFIC_PID_CLTandFLE_2026-06-22_10h56.40.724.csv","P056",1,"m","2026-06-22_10h56.40.724","MacIntel",25.832,"34.4574","44.6448",24,"ma",4,258.9264,22.5059,14.5778,76,16.7507,70,9.3165,30
"167","PROLIFIC_PID_CLTandFLE_2026-06-22_10h56.40.724.csv","P056",2,"l","2026-06-22_10h56.40.724","MacIntel",25.832,"34.4574","44.6448",24,"ma",4,258.9264,25.416,10.3199,90,9.9294,90,12.4421,0
"168","PROLIFIC_PID_CLTandFLE_2026-06-22_10h56.40.724.csv","P056",3,"a","2026-06-22_10h56.40.724","MacIntel",25.832,"34.4574","44.6448",24,"ma",4,258.9264,14.7166,9.191,50,7.7266,100,15.5334,10
"169","PROLIFIC_PID_CLTandFLE_2026-06-22_10h57.01.247.csv","P057",1,"m","2026-06-22_10h57.01.247","Linux armv81",2.68,"5.476","7.726",22,"fe",4,267.348,65.154,59.233,47,1.69,57,2.419,61
"170","PROLIFIC_PID_CLTandFLE_2026-06-22_10h57.01.247.csv","P057",2,"a","2026-06-22_10h57.01.247","Linux armv81",2.68,"5.476","7.726",22,"fe",4,267.348,20.69,16.417,54,3.32,31,6.23,33
"171","PROLIFIC_PID_CLTandFLE_2026-06-22_10h57.01.247.csv","P057",3,"l","2026-06-22_10h57.01.247","Linux armv81",2.68,"5.476","7.726",22,"fe",4,267.348,6.124,6.079,51,6.569,68,4.167,72
"172","PROLIFIC_PID_CLTandFLE_2026-06-22_11h46.28.490.csv","P058",1,"l","2026-06-22_11h46.28.490","Win32",13.2482,"22.3659","37.0586",23,"ma",4,310.0066,26.0102,19.9788,75,21.3081,99,24.359,0
"173","PROLIFIC_PID_CLTandFLE_2026-06-22_11h46.28.490.csv","P058",2,"a","2026-06-22_11h46.28.490","Win32",13.2482,"22.3659","37.0586",23,"ma",4,310.0066,12.619,10.8377,5,6.9696,100,16.2393,0
"174","PROLIFIC_PID_CLTandFLE_2026-06-22_11h46.28.490.csv","P058",3,"m","2026-06-22_11h46.28.490","Win32",13.2482,"22.3659","37.0586",23,"ma",4,310.0066,27.2821,16.9562,90,12.1885,99,23.7209,50
"175","PROLIFIC_PID_CLTandFLE_2026-06-22_11h46.45.253.csv","P059",1,"l","2026-06-22_11h46.45.253","Win32",11.9419,"26.1258","40.684",24,"ma",4,350.1588,33.6842,27.17,47,19.6566,20,21.1558,84
"176","PROLIFIC_PID_CLTandFLE_2026-06-22_11h46.45.253.csv","P059",2,"a","2026-06-22_11h46.45.253","Win32",11.9419,"26.1258","40.684",24,"ma",4,350.1588,25.8384,17.5916,51,23.7555,97,19.7908,2
"177","PROLIFIC_PID_CLTandFLE_2026-06-22_11h46.45.253.csv","P059",3,"m","2026-06-22_11h46.45.253","Win32",11.9419,"26.1258","40.684",24,"ma",4,350.1588,21.4067,10.3182,82,16.3692,92,14.7763,3
"178","PROLIFIC_PID_CLTandFLE_2026-06-22_11h47.52.353.csv","P060",1,"a","2026-06-22_11h47.52.353","Win32",46.7743,"68.8203","86.1873",35,"ma",4,459.8945,88.8887,21.4139,60,43.2283,58,16.5347,75
"179","PROLIFIC_PID_CLTandFLE_2026-06-22_11h47.52.353.csv","P060",2,"m","2026-06-22_11h47.52.353","Win32",46.7743,"68.8203","86.1873",35,"ma",4,459.8945,32.3716,12.6053,91,19.1995,79,17.6846,29
"180","PROLIFIC_PID_CLTandFLE_2026-06-22_11h47.52.353.csv","P060",3,"l","2026-06-22_11h47.52.353","Win32",46.7743,"68.8203","86.1873",35,"ma",4,459.8945,42.9623,9.9079,55,1.2157,74,11.0233,85
"181","PROLIFIC_PID_CLTandFLE_2026-06-22_11h47.59.067.csv","P061",1,"l","2026-06-22_11h47.59.067","Win32",66.6909,"82.5526","110.3459",20,"ma",4,535.3597,42.5144,41.5283,66,36.6264,85,38.2439,14
"182","PROLIFIC_PID_CLTandFLE_2026-06-22_11h47.59.067.csv","P061",2,"m","2026-06-22_11h47.59.067","Win32",66.6909,"82.5526","110.3459",20,"ma",4,535.3597,24.1353,24.7048,64,25.1767,85,23.4061,11
"183","PROLIFIC_PID_CLTandFLE_2026-06-22_11h47.59.067.csv","P061",3,"a","2026-06-22_11h47.59.067","Win32",66.6909,"82.5526","110.3459",20,"ma",4,535.3597,28.7874,38.9663,59,22.9965,89,31.7315,11
"184","PROLIFIC_PID_CLTandFLE_2026-06-22_11h53.14.850.csv","P062",1,"l","2026-06-22_11h53.14.850","Win32",46.3308,"77.2231","104.3464",24,"ma",3,574.7408,44.9553,30.0663,70,24.8421,80,57.6274,28
"185","PROLIFIC_PID_CLTandFLE_2026-06-22_11h53.14.850.csv","P062",2,"m","2026-06-22_11h53.14.850","Win32",46.3308,"77.2231","104.3464",24,"ma",3,574.7408,79.6835,31.4271,81,18.6476,80,27.5151,16
"186","PROLIFIC_PID_CLTandFLE_2026-06-22_11h53.14.850.csv","P062",3,"a","2026-06-22_11h53.14.850","Win32",46.3308,"77.2231","104.3464",24,"ma",3,574.7408,43.7077,12.0713,60,13.6083,50,40.1738,40
"187","PROLIFIC_PID_CLTandFLE_2026-06-22_13h58.18.471.csv","P063",1,"m","2026-06-22_13h58.18.471","Win32",12.5294,"23.8595","35.0908",24,"fe",4,437.5101,34.3392,40.4175,50,29.7894,100,39.0017,0
"188","PROLIFIC_PID_CLTandFLE_2026-06-22_13h58.18.471.csv","P063",2,"l","2026-06-22_13h58.18.471","Win32",12.5294,"23.8595","35.0908",24,"fe",4,437.5101,30.3658,22.5895,60,26.4391,100,32.2388,0
"189","PROLIFIC_PID_CLTandFLE_2026-06-22_13h58.18.471.csv","P063",3,"a","2026-06-22_13h58.18.471","Win32",12.5294,"23.8595","35.0908",24,"fe",4,437.5101,34.5676,12.5665,80,23.1831,50,13.8566,0
"190","PROLIFIC_PID_CLTandFLE_2026-06-22_14h15.53.158.csv","P064",1,"m","2026-06-22_14h15.53.158","Win32",22.6986,"32.5295","49.9113",22,"ma",4,406.2799,46.7074,24.4827,66,16.7996,70,29.6742,10
"191","PROLIFIC_PID_CLTandFLE_2026-06-22_14h15.53.158.csv","P064",2,"a","2026-06-22_14h15.53.158","Win32",22.6986,"32.5295","49.9113",22,"ma",4,406.2799,27.6827,14.1997,50,9.7244,90,22.9912,0
"192","PROLIFIC_PID_CLTandFLE_2026-06-22_14h15.53.158.csv","P064",3,"l","2026-06-22_14h15.53.158","Win32",22.6986,"32.5295","49.9113",22,"ma",4,406.2799,67.9737,7.6329,95,22.8077,99,19.308,1
"193","PROLIFIC_PID_CLTandFLE_2026-06-22_14h20.46.338.csv","P065",1,"a","2026-06-22_14h20.46.338","Win32",15.5115,"37.2525","57.177",24,"fe",4,346.6973,55.2202,18.4739,71,11.5009,77,8.8896,12
"194","PROLIFIC_PID_CLTandFLE_2026-06-22_14h20.46.338.csv","P065",2,"m","2026-06-22_14h20.46.338","Win32",15.5115,"37.2525","57.177",24,"fe",4,346.6973,35.2672,6.8756,63,6.1255,69,10.1884,16
"195","PROLIFIC_PID_CLTandFLE_2026-06-22_14h20.46.338.csv","P065",3,"l","2026-06-22_14h20.46.338","Win32",15.5115,"37.2525","57.177",24,"fe",4,346.6973,70.2636,7.7091,58,6.8547,91,4.5004,11
"196","PROLIFIC_PID_CLTandFLE_2026-06-22_14h20.52.481.csv","P066",1,"l","2026-06-22_14h20.52.481","Win32",12.7643,"21.8931","32.1222",22,"fe",4,300.2559,22.6086,11.7969,77,18.7818,98,22.1907,0
"197","PROLIFIC_PID_CLTandFLE_2026-06-22_14h20.52.481.csv","P066",2,"m","2026-06-22_14h20.52.481","Win32",12.7643,"21.8931","32.1222",22,"fe",4,300.2559,23.658,11.8414,59,13.9088,99,16.1219,0
"198","PROLIFIC_PID_CLTandFLE_2026-06-22_14h20.52.481.csv","P066",3,"a","2026-06-22_14h20.52.481","Win32",12.7643,"21.8931","32.1222",22,"fe",4,300.2559,18.5145,10.799,6,12.3501,99,29.0412,0
"199","PROLIFIC_PID_CLTandFLE_2026-06-22_14h21.57.905.csv","P067",1,"m","2026-06-22_14h21.57.905","Win32",22.791,"32.826","51.622",22,"ma",4,463.824,63.343,13.298,35,25.28,80,20.531,10
"200","PROLIFIC_PID_CLTandFLE_2026-06-22_14h21.57.905.csv","P067",2,"a","2026-06-22_14h21.57.905","Win32",22.791,"32.826","51.622",22,"ma",4,463.824,32.445,23.697,25,11.749,95,44.628,10
"201","PROLIFIC_PID_CLTandFLE_2026-06-22_14h21.57.905.csv","P067",3,"l","2026-06-22_14h21.57.905","Win32",22.791,"32.826","51.622",22,"ma",4,463.824,29.763,8.815,92,10.248,98,41.562,5
"202","PROLIFIC_PID_CLTandFLE_2026-06-22_15h01.04.234.csv","P068",1,"l","2026-06-22_15h01.04.234","Win32",54.516,"57.1228","75.6049",23,"ma",2,330.3195,8.2574,30.5087,50,20.5331,100,23.0325,0
"203","PROLIFIC_PID_CLTandFLE_2026-06-22_15h01.04.234.csv","P068",2,"m","2026-06-22_15h01.04.234","Win32",54.516,"57.1228","75.6049",23,"ma",2,330.3195,4.7494,30.6247,50,20.4497,100,18.863,0
"204","PROLIFIC_PID_CLTandFLE_2026-06-22_15h01.04.234.csv","P068",3,"a","2026-06-22_15h01.04.234","Win32",54.516,"57.1228","75.6049",23,"ma",2,330.3195,5.6496,16.5296,47,14.5186,100,16.5875,0
"205","PROLIFIC_PID_CLTandFLE_2026-06-22_15h02.51.883.csv","P069",1,"m","2026-06-22_15h02.51.883","Win32",41.63,"65.044","84.116",21,"ma",3,314.725,39.531,34.499,62,11.444,30,9.828,10
"206","PROLIFIC_PID_CLTandFLE_2026-06-22_15h02.51.883.csv","P069",2,"a","2026-06-22_15h02.51.883","Win32",41.63,"65.044","84.116",21,"ma",3,314.725,25.655,14.575,9,8.679,65,4.564,31
"207","PROLIFIC_PID_CLTandFLE_2026-06-22_15h02.51.883.csv","P069",3,"l","2026-06-22_15h02.51.883","Win32",41.63,"65.044","84.116",21,"ma",3,314.725,20.59,1.7,25,2.232,50,1.399,32
"208","PROLIFIC_PID_CLTandFLE_2026-06-22_15h46.19.659.csv","P070",1,"m","2026-06-22_15h46.19.659","Win32",43.7136,"57.2198","81.7805",19,"ma",3,490.9696,35.6811,39.7841,86,28.6863,95,36.3473,34
"209","PROLIFIC_PID_CLTandFLE_2026-06-22_15h46.19.659.csv","P070",2,"a","2026-06-22_15h46.19.659","Win32",43.7136,"57.2198","81.7805",19,"ma",3,490.9696,29.2434,16.9992,25,31.2839,95,10.2567,5
"210","PROLIFIC_PID_CLTandFLE_2026-06-22_15h46.19.659.csv","P070",3,"l","2026-06-22_15h46.19.659","Win32",43.7136,"57.2198","81.7805",19,"ma",3,490.9696,37.2425,36.007,70,30.507,96,31.6459,1
"211","PROLIFIC_PID_CLTandFLE_2026-06-22_16h01.20.753.csv","P071",1,"m","2026-06-22_16h01.20.753","Win32",25.5638,"38.6103","49.908",24,"fe",4,328.2659,78.2558,11.0451,83,10.8562,96,29.3105,0
"212","PROLIFIC_PID_CLTandFLE_2026-06-22_16h01.20.753.csv","P071",2,"a","2026-06-22_16h01.20.753","Win32",25.5638,"38.6103","49.908",24,"fe",4,328.2659,33.8959,7.3913,100,11.2242,80,4.3921,3
"213","PROLIFIC_PID_CLTandFLE_2026-06-22_16h01.20.753.csv","P071",3,"l","2026-06-22_16h01.20.753","Win32",25.5638,"38.6103","49.908",24,"fe",4,328.2659,22.7288,6.242,63,8.7621,100,11.942,8
